사건의 지평선,윤하 (YOUNHA)
ANTIFRAGILE,LE SSERAFIM (르세라핌)
Nxde,(여자)아이들
사랑은 늘 도망가,임영웅
Hype boy,NewJeans
우리들의 블루스,임영웅
London Boy,임영웅
Polaroid,임영웅
다시 만날 수 있을까,임영웅
After LIKE,IVE (아이브)
무지개,임영웅
이제 나만 믿어요,임영웅
아버지,임영웅
새삥 (Prod. ZICO) (Feat. 호미들),지코 (ZICO)
A bientot,임영웅
손이 참 곱던 그대,임영웅
인생찬가,임영웅
사랑해 진짜,임영웅
Rush Hour (Feat. j-hope of BTS),Crush
연애편지,임영웅
Attention,NewJeans
보금자리,임영웅
LOVE DIVE,IVE (아이브)
Monologue,테이
Shut Down,BLACKPINK
자격지심 (Feat. ZICO),BE'O (비오)
Pink Venom,BLACKPINK
해요 (2022),#안녕
Dreamers [Music from the FIFA World Cup Qatar 2022 Official Soundtrack] (Feat. FIFA Sound),정국
딱 10CM만,10CM
TOMBOY,(여자)아이들
내가 아니라도,주호
첫사랑,백아
그라데이션,10CM
그때 그 순간 그대로 (그그그),WSG워너비 (가야G)
Cookie,NewJeans
사랑인가 봐,멜로망스
That That (prod. & feat. SUGA of BTS),싸이 (PSY)
너의 모든 순간,성시경
정이라고 하자 (Feat. 10CM),BIG Naughty (서동현)
우린 그렇게 사랑해서,강민경 (다비치)
The Astronaut,진
떠나보낼 준비해 둘걸 그랬어,임한별
Dynamite,방탄소년단
Left and Right (Feat. Jung Kook of BTS),Charlie Puth
FEARLESS,LE SSERAFIM (르세라핌)
나의 X에게,경서
ELEVEN,IVE (아이브)
취중고백,김민석 (멜로망스)
그중에 그대를 만나,김호중
Yet To Come,방탄소년단
보고싶었어,WSG워너비 (4FIRE)
Butter,방탄소년단
That's Hilarious,Charlie Puth
나의 목소리로,김호중
내 기쁨은 너가 벤틀리를 끄는 거야,김승민
봄날,방탄소년단
I Don't Think That I Like Her,Charlie Puth
주저하는 연인들을 위해,잔나비
고백연습,경서
다정히 내 이름을 부르면,경서예지
인생은 뷰티풀,김호중
Permission to Dance,방탄소년단
새벽에 걸려온 너의 전화는,한동근
LOVE me,BE'O (비오)
"모든 날, 모든 순간 (Every day, Every Moment)",폴킴
FOREVER 1,소녀시대 (GIRLS' GENERATION)
Love story,볼빨간사춘기
주마등,김호중
빛이 나는 사람,김호중
밤하늘의 별을(2020),경서
친구,김호중
약속 [約束],김호중
도깨비불 (Illusion),aespa
STAY,The Kid LAROI
사랑한다고 말해줘,탑현
봄여름가을겨울 (Still Life),BIGBANG (빅뱅)
슬픈등,김호중
Brucia La Terra,김호중
Champagne,김호중
SNEAKERS,ITZY (있지)
Snowman,Sia
Love in Portofino,김호중
스티커 사진,21학번
노래해요 (Duet with 최백호),김호중
오르트구름,윤하 (YOUNHA)
LAW (Prod. Czaer),윤미래
POP!,나연 (TWICE)
MY BAG,(여자)아이들
신호등,이무진
내 손을 잡아,아이유
Feel My Rhythm,Red Velvet (레드벨벳)
INVU,태연 (TAEYEON)
"회전목마 (Feat. Zion.T, 원슈타인) (Prod. Slom)",sokodomo
strawberry moon,아이유
Off My Face,Justin Bieber
드라마,아이유
추억때문에,유림
그래서 그대는,이영현
DICE,NMIXX
